id,board_name,keyword,visual_strategy,product_title,product_image_url,target_path,prompt
8,Banheiro com cara de hotel,banheiro com cara de hotel,environment_title_overlay,Porta-Papel Higienico de Parede Moderno Duplo para Banheiro - Preto,https://cdn.shopify.com/s/files/1/0864/2432/2353/files/Porta_Papel_Higienico_de_Parede_moderno_para_Banheiro_Duplo_Preto.webp?v=1779417383,public/pinterest/final/pin-0008.png,"Pinterest Pin vertical 2:3, imagem bonita full-bleed, sem card, sem borda, estilo foto premium realista. Tema: banheiro com cara de hotel. Cenario: banheiro pequeno sofisticado com metais modernos, parede clara, bancada limpa e detalhe elegante de organizacao. Usar paleta Chique Home: off-white, bege, madeira clara, taupe suave, preto fosco, luz quente, visual premium brasileiro. Criar cenario bonito com titulo centralizado, curto e clicavel em portugues: ""banheiro com cara de hotel: ideia elegante com Porta-Papel Higienico de Parede Moderno Duplo para"". Texto elegante, alto contraste, estilo Pinterest Brasil, sem poluir. Cupom PINTEREST10 pequeno no canto inferior."
9,Banheiro com cara de hotel,lavabo decorado,product_in_environment,Porta-Papel Higienico de Parede Moderno Duplo para Banheiro - Preto,https://cdn.shopify.com/s/files/1/0864/2432/2353/files/Porta_Papel_Higienico_de_Parede_moderno_para_Banheiro_Duplo_Preto.webp?v=1779417383,public/pinterest/final/pin-0009.png,"Pinterest Pin vertical 2:3, imagem bonita full-bleed, sem card, sem borda, estilo foto premium realista. Tema: lavabo decorado. Cenario: banheiro pequeno sofisticado com metais modernos, parede clara, bancada limpa e detalhe elegante de organizacao. Usar paleta Chique Home: off-white, bege, madeira clara, taupe suave, preto fosco, luz quente, visual premium brasileiro. Aplicar visualmente o produto da Shopify em outro ambiente realista de forma natural. Produto: Porta-Papel Higienico de Parede Moderno Duplo para Banheiro. Sem texto grande, foco em inspirar clique para compra."
10,Banheiro organizado,penteadeira,listicle_idea_overlay,Porta-Papel Higienico de Parede Moderno Duplo para Banheiro - Preto,https://cdn.shopify.com/s/files/1/0864/2432/2353/files/Porta_Papel_Higienico_de_Parede_moderno_para_Banheiro_Duplo_Preto.webp?v=1779417383,public/pinterest/final/pin-0010.png,"Pinterest Pin vertical 2:3, imagem bonita full-bleed, sem card, sem borda, estilo foto premium realista. Tema: penteadeira. Cenario: banheiro organizado com suporte de parede, nichos, porta-shampoo no box e poucos objetos aparentes. Usar paleta Chique Home: off-white, bege, madeira clara, taupe suave, preto fosco, luz quente, visual premium brasileiro. Criar imagem estilo lista/ideia viral, com texto centralizado em portugues: ""3 ideias para penteadeira"". Usar pequenos marcadores 1, 2, 3 em pontos do ambiente, mantendo visual elegante. Cupom PINTEREST10 discreto. Produto relacionado: Porta-Papel Higienico de Parede Moderno Duplo para Banheiro."
13,Banheiro organizado,banheiro pequeno organizado,environment_title_overlay,Porta-Papel Higienico de Parede Moderno para Banheiro - Dourado,https://cdn.shopify.com/s/files/1/0864/2432/2353/files/Porta_Papel_Higienico_de_Parede_moderno_para_Banheiro_Dourado.webp?v=1779417252,public/pinterest/final/pin-0013.png,"Pinterest Pin vertical 2:3, imagem bonita full-bleed, sem card, sem borda, estilo foto premium realista. Tema: banheiro pequeno organizado. Cenario: banheiro organizado com suporte de parede, nichos, porta-shampoo no box e poucos objetos aparentes. Usar paleta Chique Home: off-white, bege, madeira clara, taupe suave, preto fosco, luz quente, visual premium brasileiro. Criar cenario bonito com titulo centralizado, curto e clicavel em portugues: ""Veja como usar Porta-Papel Higienico de Parede Moderno para Banheiro em banheiro pequeno organizado"". Texto elegante, alto contraste, estilo Pinterest Brasil, sem poluir. Cupom PINTEREST10 pequeno no canto inferior."
14,Banheiro com cara de hotel,banheiro com cara de hotel,product_in_environment,Porta-Papel Higienico de Parede Moderno para Banheiro - Dourado,https://cdn.shopify.com/s/files/1/0864/2432/2353/files/Porta_Papel_Higienico_de_Parede_moderno_para_Banheiro_Dourado.webp?v=1779417252,public/pinterest/final/pin-0014.png,"Pinterest Pin vertical 2:3, imagem bonita full-bleed, sem card, sem borda, estilo foto premium realista. Tema: banheiro com cara de hotel. Cenario: banheiro pequeno sofisticado com metais modernos, parede clara, bancada limpa e detalhe elegante de organizacao. Usar paleta Chique Home: off-white, bege, madeira clara, taupe suave, preto fosco, luz quente, visual premium brasileiro. Aplicar visualmente o produto da Shopify em outro ambiente realista de forma natural. Produto: Porta-Papel Higienico de Parede Moderno para Banheiro. Sem texto grande, foco em inspirar clique para compra."
15,Banheiro com cara de hotel,banheiro decorado,listicle_idea_overlay,Porta-Papel Higienico de Parede Moderno para Banheiro - Dourado,https://cdn.shopify.com/s/files/1/0864/2432/2353/files/Porta_Papel_Higienico_de_Parede_moderno_para_Banheiro_Dourado.webp?v=1779417252,public/pinterest/final/pin-0015.png,"Pinterest Pin vertical 2:3, imagem bonita full-bleed, sem card, sem borda, estilo foto premium realista. Tema: banheiro decorado. Cenario: banheiro pequeno sofisticado com metais modernos, parede clara, bancada limpa e detalhe elegante de organizacao. Usar paleta Chique Home: off-white, bege, madeira clara, taupe suave, preto fosco, luz quente, visual premium brasileiro. Criar imagem estilo lista/ideia viral, com texto centralizado em portugues: ""3 ideias para banheiro decorado"". Usar pequenos marcadores 1, 2, 3 em pontos do ambiente, mantendo visual elegante. Cupom PINTEREST10 discreto. Produto relacionado: Porta-Papel Higienico de Parede Moderno para Banheiro."
16,Banheiro com cara de hotel,banheiro pequeno decorado,environment_full_bleed,Porta-Papel Higienico de Parede Moderno para Banheiro - Dourado,https://cdn.shopify.com/s/files/1/0864/2432/2353/files/Porta_Papel_Higienico_de_Parede_moderno_para_Banheiro_Dourado.webp?v=1779417252,public/pinterest/final/pin-0016.png,"Pinterest Pin vertical 2:3, imagem bonita full-bleed, sem card, sem borda, estilo foto premium realista. Tema: banheiro pequeno decorado. Cenario: banheiro pequeno sofisticado com metais modernos, parede clara, bancada limpa e detalhe elegante de organizacao. Usar paleta Chique Home: off-white, bege, madeira clara, taupe suave, preto fosco, luz quente, visual premium brasileiro. Criar um cenario inspiracional de ambiente, sem texto grande. A imagem precisa parecer resultado real de busca no Pinterest, bonita e clicavel. Produto relacionado: Porta-Papel Higienico de Parede Moderno para Banheiro, aplicar apenas se fizer sentido natural."
18,Banheiro com cara de hotel,banheiro com cara de hotel,environment_title_overlay,Porta-Papel Higienico de Parede Moderno para Banheiro - Dourado,https://cdn.shopify.com/s/files/1/0864/2432/2353/files/Porta_Papel_Higienico_de_Parede_moderno_para_Banheiro_Dourado.webp?v=1779417252,public/pinterest/final/pin-0018.png,"Pinterest Pin vertical 2:3, imagem bonita full-bleed, sem card, sem borda, estilo foto premium realista. Tema: banheiro com cara de hotel. Cenario: banheiro pequeno sofisticado com metais modernos, parede clara, bancada limpa e detalhe elegante de organizacao. Usar paleta Chique Home: off-white, bege, madeira clara, taupe suave, preto fosco, luz quente, visual premium brasileiro. Criar cenario bonito com titulo centralizado, curto e clicavel em portugues: ""banheiro com cara de hotel para deixar o ambiente mais sofisticado"". Texto elegante, alto contraste, estilo Pinterest Brasil, sem poluir. Cupom PINTEREST10 pequeno no canto inferior."
19,Banheiro com cara de hotel,lavabo decorado,product_in_environment,Porta-Papel Higienico de Parede Moderno para Banheiro - Dourado,https://cdn.shopify.com/s/files/1/0864/2432/2353/files/Porta_Papel_Higienico_de_Parede_moderno_para_Banheiro_Dourado.webp?v=1779417252,public/pinterest/final/pin-0019.png,"Pinterest Pin vertical 2:3, imagem bonita full-bleed, sem card, sem borda, estilo foto premium realista. Tema: lavabo decorado. Cenario: banheiro pequeno sofisticado com metais modernos, parede clara, bancada limpa e detalhe elegante de organizacao. Usar paleta Chique Home: off-white, bege, madeira clara, taupe suave, preto fosco, luz quente, visual premium brasileiro. Aplicar visualmente o produto da Shopify em outro ambiente realista de forma natural. Produto: Porta-Papel Higienico de Parede Moderno para Banheiro. Sem texto grande, foco em inspirar clique para compra."
20,Banheiro organizado,penteadeira,listicle_idea_overlay,Porta-Papel Higienico de Parede Moderno para Banheiro - Dourado,https://cdn.shopify.com/s/files/1/0864/2432/2353/files/Porta_Papel_Higienico_de_Parede_moderno_para_Banheiro_Dourado.webp?v=1779417252,public/pinterest/final/pin-0020.png,"Pinterest Pin vertical 2:3, imagem bonita full-bleed, sem card, sem borda, estilo foto premium realista. Tema: penteadeira. Cenario: banheiro organizado com suporte de parede, nichos, porta-shampoo no box e poucos objetos aparentes. Usar paleta Chique Home: off-white, bege, madeira clara, taupe suave, preto fosco, luz quente, visual premium brasileiro. Criar imagem estilo lista/ideia viral, com texto centralizado em portugues: ""3 ideias para penteadeira"". Usar pequenos marcadores 1, 2, 3 em pontos do ambiente, mantendo visual elegante. Cupom PINTEREST10 discreto. Produto relacionado: Porta-Papel Higienico de Parede Moderno para Banheiro."
21,Cozinha elegante,projeto de cozinha,environment_full_bleed,Tapete para Cozinha Antiderrapante Absorvente - Nude,https://cdn.shopify.com/s/files/1/0864/2432/2353/files/Tapete_para_Cozinha_Antiderrapante_Absorvente_Nude.webp?v=1769546586,public/pinterest/final/pin-0021.png,"Pinterest Pin vertical 2:3, imagem bonita full-bleed, sem card, sem borda, estilo foto premium realista. Tema: projeto de cozinha. Cenario: cozinha pequena organizada, clean, clara, armarios planejados, bancada livre, potes organizadores, bandeja decorativa, tapete de cozinha discreto. Usar paleta Chique Home: off-white, bege, madeira clara, taupe suave, preto fosco, luz quente, visual premium brasileiro. Criar um cenario inspiracional de ambiente, sem texto grande. A imagem precisa parecer resultado real de busca no Pinterest, bonita e clicavel. Produto relacionado: Tapete para Cozinha Antiderrapante Absorvente, aplicar apenas se fizer sentido natural."
23,Tapetes para cozinha,tapete cozinha antiderrapante,environment_title_overlay,Tapete para Cozinha Antiderrapante Absorvente - Nude,https://cdn.shopify.com/s/files/1/0864/2432/2353/files/Tapete_para_Cozinha_Antiderrapante_Absorvente_Nude.webp?v=1769546586,public/pinterest/final/pin-0023.png,"Pinterest Pin vertical 2:3, imagem bonita full-bleed, sem card, sem borda, estilo foto premium realista. Tema: tapete cozinha antiderrapante. Cenario: cozinha moderna e funcional com passadeira ou tapete antiderrapante em destaque no piso, bancada organizada e luz natural. Usar paleta Chique Home: off-white, bege, madeira clara, taupe suave, preto fosco, luz quente, visual premium brasileiro. Criar cenario bonito com titulo centralizado, curto e clicavel em portugues: ""Ideia pronta de tapete cozinha antiderrapante com link do produto"". Texto elegante, alto contraste, estilo Pinterest Brasil, sem poluir. Cupom PINTEREST10 pequeno no canto inferior."
24,Tapetes para cozinha,tapete de cozinha absorvente,product_in_environment,Tapete para Cozinha Antiderrapante Absorvente - Nude,https://cdn.shopify.com/s/files/1/0864/2432/2353/files/Tapete_para_Cozinha_Antiderrapante_Absorvente_Nude.webp?v=1769546586,public/pinterest/final/pin-0024.png,"Pinterest Pin vertical 2:3, imagem bonita full-bleed, sem card, sem borda, estilo foto premium realista. Tema: tapete de cozinha absorvente. Cenario: cozinha moderna e funcional com passadeira ou tapete antiderrapante em destaque no piso, bancada organizada e luz natural. Usar paleta Chique Home: off-white, bege, madeira clara, taupe suave, preto fosco, luz quente, visual premium brasileiro. Aplicar visualmente o produto da Shopify em outro ambiente realista de forma natural. Produto: Tapete para Cozinha Antiderrapante Absorvente. Sem texto grande, foco em inspirar clique para compra."
25,Tapetes para cozinha,passadeira para cozinha,listicle_idea_overlay,Tapete para Cozinha Antiderrapante Absorvente - Nude,https://cdn.shopify.com/s/files/1/0864/2432/2353/files/Tapete_para_Cozinha_Antiderrapante_Absorvente_Nude.webp?v=1769546586,public/pinterest/final/pin-0025.png,"Pinterest Pin vertical 2:3, imagem bonita full-bleed, sem card, sem borda, estilo foto premium realista. Tema: passadeira para cozinha. Cenario: cozinha moderna e funcional com passadeira ou tapete antiderrapante em destaque no piso, bancada organizada e luz natural. Usar paleta Chique Home: off-white, bege, madeira clara, taupe suave, preto fosco, luz quente, visual premium brasileiro. Criar imagem estilo lista/ideia viral, com texto centralizado em portugues: ""3 ideias para passadeira para cozinha"". Usar pequenos marcadores 1, 2, 3 em pontos do ambiente, mantendo visual elegante. Cupom PINTEREST10 discreto. Produto relacionado: Tapete para Cozinha Antiderrapante Absorvente."
28,Cozinha elegante,cozinha organizada,environment_title_overlay,Tapete para Cozinha Antiderrapante Absorvente - Nude,https://cdn.shopify.com/s/files/1/0864/2432/2353/files/Tapete_para_Cozinha_Antiderrapante_Absorvente_Nude.webp?v=1769546586,public/pinterest/final/pin-0028.png,"Pinterest Pin vertical 2:3, imagem bonita full-bleed, sem card, sem borda, estilo foto premium realista. Tema: cozinha organizada. Cenario: cozinha pequena organizada, clean, clara, armarios planejados, bancada livre, potes organizadores, bandeja decorativa, tapete de cozinha discreto. Usar paleta Chique Home: off-white, bege, madeira clara, taupe suave, preto fosco, luz quente, visual premium brasileiro. Criar cenario bonito com titulo centralizado, curto e clicavel em portugues: ""Tapete para Cozinha Antiderrapante Absorvente para transformar o ambiente"". Texto elegante, alto contraste, estilo Pinterest Brasil, sem poluir. Cupom PINTEREST10 pequeno no canto inferior."
29,Cozinha elegante,cozinha pequena organizada,product_in_environment,Tapete para Cozinha Antiderrapante Absorvente - Nude,https://cdn.shopify.com/s/files/1/0864/2432/2353/files/Tapete_para_Cozinha_Antiderrapante_Absorvente_Nude.webp?v=1769546586,public/pinterest/final/pin-0029.png,"Pinterest Pin vertical 2:3, imagem bonita full-bleed, sem card, sem borda, estilo foto premium realista. Tema: cozinha pequena organizada. Cenario: cozinha pequena organizada, clean, clara, armarios planejados, bancada livre, potes organizadores, bandeja decorativa, tapete de cozinha discreto. Usar paleta Chique Home: off-white, bege, madeira clara, taupe suave, preto fosco, luz quente, visual premium brasileiro. Aplicar visualmente o produto da Shopify em outro ambiente realista de forma natural. Produto: Tapete para Cozinha Antiderrapante Absorvente. Sem texto grande, foco em inspirar clique para compra."
30,Cozinha elegante,cozinha decorada simples,listicle_idea_overlay,Tapete para Cozinha Antiderrapante Absorvente - Nude,https://cdn.shopify.com/s/files/1/0864/2432/2353/files/Tapete_para_Cozinha_Antiderrapante_Absorvente_Nude.webp?v=1769546586,public/pinterest/final/pin-0030.png,"Pinterest Pin vertical 2:3, imagem bonita full-bleed, sem card, sem borda, estilo foto premium realista. Tema: cozinha decorada simples. Cenario: cozinha pequena organizada, clean, clara, armarios planejados, bancada livre, potes organizadores, bandeja decorativa, tapete de cozinha discreto. Usar paleta Chique Home: off-white, bege, madeira clara, taupe suave, preto fosco, luz quente, visual premium brasileiro. Criar imagem estilo lista/ideia viral, com texto centralizado em portugues: ""3 ideias para cozinha decorada simples"". Usar pequenos marcadores 1, 2, 3 em pontos do ambiente, mantendo visual elegante. Cupom PINTEREST10 discreto. Produto relacionado: Tapete para Cozinha Antiderrapante Absorvente."
31,Cozinha elegante,projeto de cozinha,environment_full_bleed,Tapete para Cozinha Antiderrapante Absorvente - Bege Areia,https://cdn.shopify.com/s/files/1/0864/2432/2353/files/Tapete_para_Cozinha_Antiderrapante_Absorvente_Bege_Areia_2.webp?v=1769546391,public/pinterest/final/pin-0031.png,"Pinterest Pin vertical 2:3, imagem bonita full-bleed, sem card, sem borda, estilo foto premium realista. Tema: projeto de cozinha. Cenario: cozinha pequena organizada, clean, clara, armarios planejados, bancada livre, potes organizadores, bandeja decorativa, tapete de cozinha discreto. Usar paleta Chique Home: off-white, bege, madeira clara, taupe suave, preto fosco, luz quente, visual premium brasileiro. Criar um cenario inspiracional de ambiente, sem texto grande. A imagem precisa parecer resultado real de busca no Pinterest, bonita e clicavel. Produto relacionado: Tapete para Cozinha Antiderrapante Absorvente, aplicar apenas se fizer sentido natural."
33,Tapetes para cozinha,tapete cozinha antiderrapante,environment_title_overlay,Tapete para Cozinha Antiderrapante Absorvente - Bege Areia,https://cdn.shopify.com/s/files/1/0864/2432/2353/files/Tapete_para_Cozinha_Antiderrapante_Absorvente_Bege_Areia_2.webp?v=1769546391,public/pinterest/final/pin-0033.png,"Pinterest Pin vertical 2:3, imagem bonita full-bleed, sem card, sem borda, estilo foto premium realista. Tema: tapete cozinha antiderrapante. Cenario: cozinha moderna e funcional com passadeira ou tapete antiderrapante em destaque no piso, bancada organizada e luz natural. Usar paleta Chique Home: off-white, bege, madeira clara, taupe suave, preto fosco, luz quente, visual premium brasileiro. Criar cenario bonito com titulo centralizado, curto e clicavel em portugues: ""Tapete para Cozinha Antiderrapante Absorvente: inspiracao para tapete cozinha antiderrapante"". Texto elegante, alto contraste, estilo Pinterest Brasil, sem poluir. Cupom PINTEREST10 pequeno no canto inferior."
34,Tapetes para cozinha,tapete de cozinha absorvente,product_in_environment,Tapete para Cozinha Antiderrapante Absorvente - Bege Areia,https://cdn.shopify.com/s/files/1/0864/2432/2353/files/Tapete_para_Cozinha_Antiderrapante_Absorvente_Bege_Areia_2.webp?v=1769546391,public/pinterest/final/pin-0034.png,"Pinterest Pin vertical 2:3, imagem bonita full-bleed, sem card, sem borda, estilo foto premium realista. Tema: tapete de cozinha absorvente. Cenario: cozinha moderna e funcional com passadeira ou tapete antiderrapante em destaque no piso, bancada organizada e luz natural. Usar paleta Chique Home: off-white, bege, madeira clara, taupe suave, preto fosco, luz quente, visual premium brasileiro. Aplicar visualmente o produto da Shopify em outro ambiente realista de forma natural. Produto: Tapete para Cozinha Antiderrapante Absorvente. Sem texto grande, foco em inspirar clique para compra."
35,Tapetes para cozinha,tapete cozinha bege,listicle_idea_overlay,Tapete para Cozinha Antiderrapante Absorvente - Bege Areia,https://cdn.shopify.com/s/files/1/0864/2432/2353/files/Tapete_para_Cozinha_Antiderrapante_Absorvente_Bege_Areia_2.webp?v=1769546391,public/pinterest/final/pin-0035.png,"Pinterest Pin vertical 2:3, imagem bonita full-bleed, sem card, sem borda, estilo foto premium realista. Tema: tapete cozinha bege. Cenario: cozinha moderna e funcional com passadeira ou tapete antiderrapante em destaque no piso, bancada organizada e luz natural. Usar paleta Chique Home: off-white, bege, madeira clara, taupe suave, preto fosco, luz quente, visual premium brasileiro. Criar imagem estilo lista/ideia viral, com texto centralizado em portugues: ""3 ideias para tapete cozinha bege"". Usar pequenos marcadores 1, 2, 3 em pontos do ambiente, mantendo visual elegante. Cupom PINTEREST10 discreto. Produto relacionado: Tapete para Cozinha Antiderrapante Absorvente."
38,Cozinha elegante,cozinha pequena organizada,environment_title_overlay,Tapete para Cozinha Antiderrapante Absorvente - Bege Areia,https://cdn.shopify.com/s/files/1/0864/2432/2353/files/Tapete_para_Cozinha_Antiderrapante_Absorvente_Bege_Areia_2.webp?v=1769546391,public/pinterest/final/pin-0038.png,"Pinterest Pin vertical 2:3, imagem bonita full-bleed, sem card, sem borda, estilo foto premium realista. Tema: cozinha pequena organizada. Cenario: cozinha pequena organizada, clean, clara, armarios planejados, bancada livre, potes organizadores, bandeja decorativa, tapete de cozinha discreto. Usar paleta Chique Home: off-white, bege, madeira clara, taupe suave, preto fosco, luz quente, visual premium brasileiro. Criar cenario bonito com titulo centralizado, curto e clicavel em portugues: ""cozinha pequena organizada: produto para comprar e usar em casa"". Texto elegante, alto contraste, estilo Pinterest Brasil, sem poluir. Cupom PINTEREST10 pequeno no canto inferior."
39,Cozinha elegante,cozinha decorada simples,product_in_environment,Tapete para Cozinha Antiderrapante Absorvente - Bege Areia,https://cdn.shopify.com/s/files/1/0864/2432/2353/files/Tapete_para_Cozinha_Antiderrapante_Absorvente_Bege_Areia_2.webp?v=1769546391,public/pinterest/final/pin-0039.png,"Pinterest Pin vertical 2:3, imagem bonita full-bleed, sem card, sem borda, estilo foto premium realista. Tema: cozinha decorada simples. Cenario: cozinha pequena organizada, clean, clara, armarios planejados, bancada livre, potes organizadores, bandeja decorativa, tapete de cozinha discreto. Usar paleta Chique Home: off-white, bege, madeira clara, taupe suave, preto fosco, luz quente, visual premium brasileiro. Aplicar visualmente o produto da Shopify em outro ambiente realista de forma natural. Produto: Tapete para Cozinha Antiderrapante Absorvente. Sem texto grande, foco em inspirar clique para compra."
40,Cozinha elegante,cozinha decorada,listicle_idea_overlay,Tapete para Cozinha Antiderrapante Absorvente - Bege Areia,https://cdn.shopify.com/s/files/1/0864/2432/2353/files/Tapete_para_Cozinha_Antiderrapante_Absorvente_Bege_Areia_2.webp?v=1769546391,public/pinterest/final/pin-0040.png,"Pinterest Pin vertical 2:3, imagem bonita full-bleed, sem card, sem borda, estilo foto premium realista. Tema: cozinha decorada. Cenario: cozinha pequena organizada, clean, clara, armarios planejados, bancada livre, potes organizadores, bandeja decorativa, tapete de cozinha discreto. Usar paleta Chique Home: off-white, bege, madeira clara, taupe suave, preto fosco, luz quente, visual premium brasileiro. Criar imagem estilo lista/ideia viral, com texto centralizado em portugues: ""3 ideias para cozinha decorada"". Usar pequenos marcadores 1, 2, 3 em pontos do ambiente, mantendo visual elegante. Cupom PINTEREST10 discreto. Produto relacionado: Tapete para Cozinha Antiderrapante Absorvente."
41,Cozinha elegante,projeto de cozinha,environment_full_bleed,Tapete para Cozinha Antiderrapante Passadeira Absorvente - Bege,https://cdn.shopify.com/s/files/1/0864/2432/2353/files/Tapete_para_Cozinha_Antiderrapante_Passadeira_Absorvente_bege.webp?v=1745846307,public/pinterest/final/pin-0041.png,"Pinterest Pin vertical 2:3, imagem bonita full-bleed, sem card, sem borda, estilo foto premium realista. Tema: projeto de cozinha. Cenario: cozinha pequena organizada, clean, clara, armarios planejados, bancada livre, potes organizadores, bandeja decorativa, tapete de cozinha discreto. Usar paleta Chique Home: off-white, bege, madeira clara, taupe suave, preto fosco, luz quente, visual premium brasileiro. Criar um cenario inspiracional de ambiente, sem texto grande. A imagem precisa parecer resultado real de busca no Pinterest, bonita e clicavel. Produto relacionado: Tapete para Cozinha Antiderrapante Passadeira Absorvente, aplicar apenas se fizer sentido natural."
43,Tapetes para cozinha,tapete cozinha antiderrapante,environment_title_overlay,Tapete para Cozinha Antiderrapante Passadeira Absorvente - Bege,https://cdn.shopify.com/s/files/1/0864/2432/2353/files/Tapete_para_Cozinha_Antiderrapante_Passadeira_Absorvente_bege.webp?v=1745846307,public/pinterest/final/pin-0043.png,"Pinterest Pin vertical 2:3, imagem bonita full-bleed, sem card, sem borda, estilo foto premium realista. Tema: tapete cozinha antiderrapante. Cenario: cozinha moderna e funcional com passadeira ou tapete antiderrapante em destaque no piso, bancada organizada e luz natural. Usar paleta Chique Home: off-white, bege, madeira clara, taupe suave, preto fosco, luz quente, visual premium brasileiro. Criar cenario bonito com titulo centralizado, curto e clicavel em portugues: ""Inspire-se: tapete cozinha antiderrapante com toque Chique Home"". Texto elegante, alto contraste, estilo Pinterest Brasil, sem poluir. Cupom PINTEREST10 pequeno no canto inferior."
44,Tapetes para cozinha,tapete de cozinha absorvente,product_in_environment,Tapete para Cozinha Antiderrapante Passadeira Absorvente - Bege,https://cdn.shopify.com/s/files/1/0864/2432/2353/files/Tapete_para_Cozinha_Antiderrapante_Passadeira_Absorvente_bege.webp?v=1745846307,public/pinterest/final/pin-0044.png,"Pinterest Pin vertical 2:3, imagem bonita full-bleed, sem card, sem borda, estilo foto premium realista. Tema: tapete de cozinha absorvente. Cenario: cozinha moderna e funcional com passadeira ou tapete antiderrapante em destaque no piso, bancada organizada e luz natural. Usar paleta Chique Home: off-white, bege, madeira clara, taupe suave, preto fosco, luz quente, visual premium brasileiro. Aplicar visualmente o produto da Shopify em outro ambiente realista de forma natural. Produto: Tapete para Cozinha Antiderrapante Passadeira Absorvente. Sem texto grande, foco em inspirar clique para compra."
45,Tapetes para cozinha,passadeira para cozinha,listicle_idea_overlay,Tapete para Cozinha Antiderrapante Passadeira Absorvente - Bege,https://cdn.shopify.com/s/files/1/0864/2432/2353/files/Tapete_para_Cozinha_Antiderrapante_Passadeira_Absorvente_bege.webp?v=1745846307,public/pinterest/final/pin-0045.png,"Pinterest Pin vertical 2:3, imagem bonita full-bleed, sem card, sem borda, estilo foto premium realista. Tema: passadeira para cozinha. Cenario: cozinha moderna e funcional com passadeira ou tapete antiderrapante em destaque no piso, bancada organizada e luz natural. Usar paleta Chique Home: off-white, bege, madeira clara, taupe suave, preto fosco, luz quente, visual premium brasileiro. Criar imagem estilo lista/ideia viral, com texto centralizado em portugues: ""3 ideias para passadeira para cozinha"". Usar pequenos marcadores 1, 2, 3 em pontos do ambiente, mantendo visual elegante. Cupom PINTEREST10 discreto. Produto relacionado: Tapete para Cozinha Antiderrapante Passadeira Absorvente."
48,Cozinha elegante,cozinha organizada,environment_title_overlay,Tapete para Cozinha Antiderrapante Passadeira Absorvente - Bege,https://cdn.shopify.com/s/files/1/0864/2432/2353/files/Tapete_para_Cozinha_Antiderrapante_Passadeira_Absorvente_bege.webp?v=1745846307,public/pinterest/final/pin-0048.png,"Pinterest Pin vertical 2:3, imagem bonita full-bleed, sem card, sem borda, estilo foto premium realista. Tema: cozinha organizada. Cenario: cozinha pequena organizada, clean, clara, armarios planejados, bancada livre, potes organizadores, bandeja decorativa, tapete de cozinha discreto. Usar paleta Chique Home: off-white, bege, madeira clara, taupe suave, preto fosco, luz quente, visual premium brasileiro. Criar cenario bonito com titulo centralizado, curto e clicavel em portugues: ""cozinha organizada: ideia elegante com Tapete para Cozinha Antiderrapante Passadeira Absorvente"". Texto elegante, alto contraste, estilo Pinterest Brasil, sem poluir. Cupom PINTEREST10 pequeno no canto inferior."
49,Cozinha elegante,cozinha pequena organizada,product_in_environment,Tapete para Cozinha Antiderrapante Passadeira Absorvente - Bege,https://cdn.shopify.com/s/files/1/0864/2432/2353/files/Tapete_para_Cozinha_Antiderrapante_Passadeira_Absorvente_bege.webp?v=1745846307,public/pinterest/final/pin-0049.png,"Pinterest Pin vertical 2:3, imagem bonita full-bleed, sem card, sem borda, estilo foto premium realista. Tema: cozinha pequena organizada. Cenario: cozinha pequena organizada, clean, clara, armarios planejados, bancada livre, potes organizadores, bandeja decorativa, tapete de cozinha discreto. Usar paleta Chique Home: off-white, bege, madeira clara, taupe suave, preto fosco, luz quente, visual premium brasileiro. Aplicar visualmente o produto da Shopify em outro ambiente realista de forma natural. Produto: Tapete para Cozinha Antiderrapante Passadeira Absorvente. Sem texto grande, foco em inspirar clique para compra."
50,Cozinha elegante,cozinha decorada simples,listicle_idea_overlay,Tapete para Cozinha Antiderrapante Passadeira Absorvente - Bege,https://cdn.shopify.com/s/files/1/0864/2432/2353/files/Tapete_para_Cozinha_Antiderrapante_Passadeira_Absorvente_bege.webp?v=1745846307,public/pinterest/final/pin-0050.png,"Pinterest Pin vertical 2:3, imagem bonita full-bleed, sem card, sem borda, estilo foto premium realista. Tema: cozinha decorada simples. Cenario: cozinha pequena organizada, clean, clara, armarios planejados, bancada livre, potes organizadores, bandeja decorativa, tapete de cozinha discreto. Usar paleta Chique Home: off-white, bege, madeira clara, taupe suave, preto fosco, luz quente, visual premium brasileiro. Criar imagem estilo lista/ideia viral, com texto centralizado em portugues: ""3 ideias para cozinha decorada simples"". Usar pequenos marcadores 1, 2, 3 em pontos do ambiente, mantendo visual elegante. Cupom PINTEREST10 discreto. Produto relacionado: Tapete para Cozinha Antiderrapante Passadeira Absorvente."
51,Cozinha elegante,projeto de cozinha,environment_full_bleed,Relogio de Parede para Cozinha/Sala Grande Decorativo Sofisticado,https://cdn.shopify.com/s/files/1/0864/2432/2353/files/Relogio_de_Parede_para_Cozinha_Sala_Grande_Decorativo_Sofisticado_preto.webp?v=1758392862,public/pinterest/final/pin-0051.png,"Pinterest Pin vertical 2:3, imagem bonita full-bleed, sem card, sem borda, estilo foto premium realista. Tema: projeto de cozinha. Cenario: cozinha pequena organizada, clean, clara, armarios planejados, bancada livre, potes organizadores, bandeja decorativa, tapete de cozinha discreto. Usar paleta Chique Home: off-white, bege, madeira clara, taupe suave, preto fosco, luz quente, visual premium brasileiro. Criar um cenario inspiracional de ambiente, sem texto grande. A imagem precisa parecer resultado real de busca no Pinterest, bonita e clicavel. Produto relacionado: Relogio de Parede Grande Decorativo Sofisticado, aplicar apenas se fizer sentido natural."
53,Sala sofisticada,decoração sala,environment_title_overlay,Relogio de Parede para Cozinha/Sala Grande Decorativo Sofisticado,https://cdn.shopify.com/s/files/1/0864/2432/2353/files/Relogio_de_Parede_para_Cozinha_Sala_Grande_Decorativo_Sofisticado_preto.webp?v=1758392862,public/pinterest/final/pin-0053.png,"Pinterest Pin vertical 2:3, imagem bonita full-bleed, sem card, sem borda, estilo foto premium realista. Tema: decoração sala. Cenario: sala de estar sofisticada, sofa neutro, almofadas decorativas, relogio de parede e decoracao elegante. Usar paleta Chique Home: off-white, bege, madeira clara, taupe suave, preto fosco, luz quente, visual premium brasileiro. Criar cenario bonito com titulo centralizado, curto e clicavel em portugues: ""Veja como usar Relogio de Parede Grande Decorativo Sofisticado em decoração sala"". Texto elegante, alto contraste, estilo Pinterest Brasil, sem poluir. Cupom PINTEREST10 pequeno no canto inferior."
54,Cozinha elegante,decoração cozinha,product_in_environment,Relogio de Parede para Cozinha/Sala Grande Decorativo Sofisticado,https://cdn.shopify.com/s/files/1/0864/2432/2353/files/Relogio_de_Parede_para_Cozinha_Sala_Grande_Decorativo_Sofisticado_preto.webp?v=1758392862,public/pinterest/final/pin-0054.png,"Pinterest Pin vertical 2:3, imagem bonita full-bleed, sem card, sem borda, estilo foto premium realista. Tema: decoração cozinha. Cenario: cozinha pequena organizada, clean, clara, armarios planejados, bancada livre, potes organizadores, bandeja decorativa, tapete de cozinha discreto. Usar paleta Chique Home: off-white, bege, madeira clara, taupe suave, preto fosco, luz quente, visual premium brasileiro. Aplicar visualmente o produto da Shopify em outro ambiente realista de forma natural. Produto: Relogio de Parede Grande Decorativo Sofisticado. Sem texto grande, foco em inspirar clique para compra."
55,Cozinha elegante,cozinha organizada,listicle_idea_overlay,Relogio de Parede para Cozinha/Sala Grande Decorativo Sofisticado,https://cdn.shopify.com/s/files/1/0864/2432/2353/files/Relogio_de_Parede_para_Cozinha_Sala_Grande_Decorativo_Sofisticado_preto.webp?v=1758392862,public/pinterest/final/pin-0055.png,"Pinterest Pin vertical 2:3, imagem bonita full-bleed, sem card, sem borda, estilo foto premium realista. Tema: cozinha organizada. Cenario: cozinha pequena organizada, clean, clara, armarios planejados, bancada livre, potes organizadores, bandeja decorativa, tapete de cozinha discreto. Usar paleta Chique Home: off-white, bege, madeira clara, taupe suave, preto fosco, luz quente, visual premium brasileiro. Criar imagem estilo lista/ideia viral, com texto centralizado em portugues: ""3 ideias para cozinha organizada"". Usar pequenos marcadores 1, 2, 3 em pontos do ambiente, mantendo visual elegante. Cupom PINTEREST10 discreto. Produto relacionado: Relogio de Parede Grande Decorativo Sofisticado."
56,Cozinha elegante,cozinha pequena organizada,environment_full_bleed,Relogio de Parede para Cozinha/Sala Grande Decorativo Sofisticado,https://cdn.shopify.com/s/files/1/0864/2432/2353/files/Relogio_de_Parede_para_Cozinha_Sala_Grande_Decorativo_Sofisticado_preto.webp?v=1758392862,public/pinterest/final/pin-0056.png,"Pinterest Pin vertical 2:3, imagem bonita full-bleed, sem card, sem borda, estilo foto premium realista. Tema: cozinha pequena organizada. Cenario: cozinha pequena organizada, clean, clara, armarios planejados, bancada livre, potes organizadores, bandeja decorativa, tapete de cozinha discreto. Usar paleta Chique Home: off-white, bege, madeira clara, taupe suave, preto fosco, luz quente, visual premium brasileiro. Criar um cenario inspiracional de ambiente, sem texto grande. A imagem precisa parecer resultado real de busca no Pinterest, bonita e clicavel. Produto relacionado: Relogio de Parede Grande Decorativo Sofisticado, aplicar apenas se fizer sentido natural."
58,Relogios de parede,relogio de parede grande,environment_title_overlay,Relogio de Parede para Cozinha/Sala Grande Decorativo Sofisticado,https://cdn.shopify.com/s/files/1/0864/2432/2353/files/Relogio_de_Parede_para_Cozinha_Sala_Grande_Decorativo_Sofisticado_preto.webp?v=1758392862,public/pinterest/final/pin-0058.png,"Pinterest Pin vertical 2:3, imagem bonita full-bleed, sem card, sem borda, estilo foto premium realista. Tema: relogio de parede grande. Cenario: parede de sala ou cozinha com relogio decorativo grande, composicao limpa e elegante. Usar paleta Chique Home: off-white, bege, madeira clara, taupe suave, preto fosco, luz quente, visual premium brasileiro. Criar cenario bonito com titulo centralizado, curto e clicavel em portugues: ""relogio de parede grande para deixar o ambiente mais sofisticado"". Texto elegante, alto contraste, estilo Pinterest Brasil, sem poluir. Cupom PINTEREST10 pequeno no canto inferior."
59,Relogios de parede,relogio de parede cozinha,product_in_environment,Relogio de Parede para Cozinha/Sala Grande Decorativo Sofisticado,https://cdn.shopify.com/s/files/1/0864/2432/2353/files/Relogio_de_Parede_para_Cozinha_Sala_Grande_Decorativo_Sofisticado_preto.webp?v=1758392862,public/pinterest/final/pin-0059.png,"Pinterest Pin vertical 2:3, imagem bonita full-bleed, sem card, sem borda, estilo foto premium realista. Tema: relogio de parede cozinha. Cenario: parede de sala ou cozinha com relogio decorativo grande, composicao limpa e elegante. Usar paleta Chique Home: off-white, bege, madeira clara, taupe suave, preto fosco, luz quente, visual premium brasileiro. Aplicar visualmente o produto da Shopify em outro ambiente realista de forma natural. Produto: Relogio de Parede Grande Decorativo Sofisticado. Sem texto grande, foco em inspirar clique para compra."
60,Relogios de parede,relogio de parede sala,listicle_idea_overlay,Relogio de Parede para Cozinha/Sala Grande Decorativo Sofisticado,https://cdn.shopify.com/s/files/1/0864/2432/2353/files/Relogio_de_Parede_para_Cozinha_Sala_Grande_Decorativo_Sofisticado_preto.webp?v=1758392862,public/pinterest/final/pin-0060.png,"Pinterest Pin vertical 2:3, imagem bonita full-bleed, sem card, sem borda, estilo foto premium realista. Tema: relogio de parede sala. Cenario: parede de sala ou cozinha com relogio decorativo grande, composicao limpa e elegante. Usar paleta Chique Home: off-white, bege, madeira clara, taupe suave, preto fosco, luz quente, visual premium brasileiro. Criar imagem estilo lista/ideia viral, com texto centralizado em portugues: ""3 ideias para relogio de parede sala"". Usar pequenos marcadores 1, 2, 3 em pontos do ambiente, mantendo visual elegante. Cupom PINTEREST10 discreto. Produto relacionado: Relogio de Parede Grande Decorativo Sofisticado."
61,Cozinha elegante,projeto de cozinha,environment_full_bleed,Relogio de Parede para Cozinha/Sala Grande Decorativo - Decoracao,https://cdn.shopify.com/s/files/1/0864/2432/2353/files/Relogio_de_Parede_para_Cozinha_Sala_Grande_Decorativo_Decoracao_preto_2.webp?v=1746993703,public/pinterest/final/pin-0061.png,"Pinterest Pin vertical 2:3, imagem bonita full-bleed, sem card, sem borda, estilo foto premium realista. Tema: projeto de cozinha. Cenario: cozinha pequena organizada, clean, clara, armarios planejados, bancada livre, potes organizadores, bandeja decorativa, tapete de cozinha discreto. Usar paleta Chique Home: off-white, bege, madeira clara, taupe suave, preto fosco, luz quente, visual premium brasileiro. Criar um cenario inspiracional de ambiente, sem texto grande. A imagem precisa parecer resultado real de busca no Pinterest, bonita e clicavel. Produto relacionado: Relogio de Parede Grande Decorativo, aplicar apenas se fizer sentido natural."
63,Sala sofisticada,decoração sala,environment_title_overlay,Relogio de Parede para Cozinha/Sala Grande Decorativo - Decoracao,https://cdn.shopify.com/s/files/1/0864/2432/2353/files/Relogio_de_Parede_para_Cozinha_Sala_Grande_Decorativo_Decoracao_preto_2.webp?v=1746993703,public/pinterest/final/pin-0063.png,"Pinterest Pin vertical 2:3, imagem bonita full-bleed, sem card, sem borda, estilo foto premium realista. Tema: decoração sala. Cenario: sala de estar sofisticada, sofa neutro, almofadas decorativas, relogio de parede e decoracao elegante. Usar paleta Chique Home: off-white, bege, madeira clara, taupe suave, preto fosco, luz quente, visual premium brasileiro. Criar cenario bonito com titulo centralizado, curto e clicavel em portugues: ""Ideia pronta de decoração sala com link do produto"". Texto elegante, alto contraste, estilo Pinterest Brasil, sem poluir. Cupom PINTEREST10 pequeno no canto inferior."
64,Cozinha elegante,decoração cozinha,product_in_environment,Relogio de Parede para Cozinha/Sala Grande Decorativo - Decoracao,https://cdn.shopify.com/s/files/1/0864/2432/2353/files/Relogio_de_Parede_para_Cozinha_Sala_Grande_Decorativo_Decoracao_preto_2.webp?v=1746993703,public/pinterest/final/pin-0064.png,"Pinterest Pin vertical 2:3, imagem bonita full-bleed, sem card, sem borda, estilo foto premium realista. Tema: decoração cozinha. Cenario: cozinha pequena organizada, clean, clara, armarios planejados, bancada livre, potes organizadores, bandeja decorativa, tapete de cozinha discreto. Usar paleta Chique Home: off-white, bege, madeira clara, taupe suave, preto fosco, luz quente, visual premium brasileiro. Aplicar visualmente o produto da Shopify em outro ambiente realista de forma natural. Produto: Relogio de Parede Grande Decorativo. Sem texto grande, foco em inspirar clique para compra."
65,Cozinha elegante,cozinha organizada,listicle_idea_overlay,Relogio de Parede para Cozinha/Sala Grande Decorativo - Decoracao,https://cdn.shopify.com/s/files/1/0864/2432/2353/files/Relogio_de_Parede_para_Cozinha_Sala_Grande_Decorativo_Decoracao_preto_2.webp?v=1746993703,public/pinterest/final/pin-0065.png,"Pinterest Pin vertical 2:3, imagem bonita full-bleed, sem card, sem borda, estilo foto premium realista. Tema: cozinha organizada. Cenario: cozinha pequena organizada, clean, clara, armarios planejados, bancada livre, potes organizadores, bandeja decorativa, tapete de cozinha discreto. Usar paleta Chique Home: off-white, bege, madeira clara, taupe suave, preto fosco, luz quente, visual premium brasileiro. Criar imagem estilo lista/ideia viral, com texto centralizado em portugues: ""3 ideias para cozinha organizada"". Usar pequenos marcadores 1, 2, 3 em pontos do ambiente, mantendo visual elegante. Cupom PINTEREST10 discreto. Produto relacionado: Relogio de Parede Grande Decorativo."
66,Cozinha elegante,cozinha pequena organizada,environment_full_bleed,Relogio de Parede para Cozinha/Sala Grande Decorativo - Decoracao,https://cdn.shopify.com/s/files/1/0864/2432/2353/files/Relogio_de_Parede_para_Cozinha_Sala_Grande_Decorativo_Decoracao_preto_2.webp?v=1746993703,public/pinterest/final/pin-0066.png,"Pinterest Pin vertical 2:3, imagem bonita full-bleed, sem card, sem borda, estilo foto premium realista. Tema: cozinha pequena organizada. Cenario: cozinha pequena organizada, clean, clara, armarios planejados, bancada livre, potes organizadores, bandeja decorativa, tapete de cozinha discreto. Usar paleta Chique Home: off-white, bege, madeira clara, taupe suave, preto fosco, luz quente, visual premium brasileiro. Criar um cenario inspiracional de ambiente, sem texto grande. A imagem precisa parecer resultado real de busca no Pinterest, bonita e clicavel. Produto relacionado: Relogio de Parede Grande Decorativo, aplicar apenas se fizer sentido natural."
68,Relogios de parede,relogio de parede grande,environment_title_overlay,Relogio de Parede para Cozinha/Sala Grande Decorativo - Decoracao,https://cdn.shopify.com/s/files/1/0864/2432/2353/files/Relogio_de_Parede_para_Cozinha_Sala_Grande_Decorativo_Decoracao_preto_2.webp?v=1746993703,public/pinterest/final/pin-0068.png,"Pinterest Pin vertical 2:3, imagem bonita full-bleed, sem card, sem borda, estilo foto premium realista. Tema: relogio de parede grande. Cenario: parede de sala ou cozinha com relogio decorativo grande, composicao limpa e elegante. Usar paleta Chique Home: off-white, bege, madeira clara, taupe suave, preto fosco, luz quente, visual premium brasileiro. Criar cenario bonito com titulo centralizado, curto e clicavel em portugues: ""Relogio de Parede Grande Decorativo para transformar o ambiente"". Texto elegante, alto contraste, estilo Pinterest Brasil, sem poluir. Cupom PINTEREST10 pequeno no canto inferior."
69,Relogios de parede,relogio de parede cozinha,product_in_environment,Relogio de Parede para Cozinha/Sala Grande Decorativo - Decoracao,https://cdn.shopify.com/s/files/1/0864/2432/2353/files/Relogio_de_Parede_para_Cozinha_Sala_Grande_Decorativo_Decoracao_preto_2.webp?v=1746993703,public/pinterest/final/pin-0069.png,"Pinterest Pin vertical 2:3, imagem bonita full-bleed, sem card, sem borda, estilo foto premium realista. Tema: relogio de parede cozinha. Cenario: parede de sala ou cozinha com relogio decorativo grande, composicao limpa e elegante. Usar paleta Chique Home: off-white, bege, madeira clara, taupe suave, preto fosco, luz quente, visual premium brasileiro. Aplicar visualmente o produto da Shopify em outro ambiente realista de forma natural. Produto: Relogio de Parede Grande Decorativo. Sem texto grande, foco em inspirar clique para compra."
70,Relogios de parede,relogio de parede sala,listicle_idea_overlay,Relogio de Parede para Cozinha/Sala Grande Decorativo - Decoracao,https://cdn.shopify.com/s/files/1/0864/2432/2353/files/Relogio_de_Parede_para_Cozinha_Sala_Grande_Decorativo_Decoracao_preto_2.webp?v=1746993703,public/pinterest/final/pin-0070.png,"Pinterest Pin vertical 2:3, imagem bonita full-bleed, sem card, sem borda, estilo foto premium realista. Tema: relogio de parede sala. Cenario: parede de sala ou cozinha com relogio decorativo grande, composicao limpa e elegante. Usar paleta Chique Home: off-white, bege, madeira clara, taupe suave, preto fosco, luz quente, visual premium brasileiro. Criar imagem estilo lista/ideia viral, com texto centralizado em portugues: ""3 ideias para relogio de parede sala"". Usar pequenos marcadores 1, 2, 3 em pontos do ambiente, mantendo visual elegante. Cupom PINTEREST10 discreto. Produto relacionado: Relogio de Parede Grande Decorativo."
71,Banheiro organizado,banheiro pequeno organizado,environment_full_bleed,Organizador de Maquiagem Porta Pincel em Acrilico Giratorio,https://cdn.shopify.com/s/files/1/0864/2432/2353/files/Organizador_de_Maquiagem_Porta_Pincel_em_Acrilico_Giratorio_preto.webp?v=1751413621,public/pinterest/final/pin-0071.png,"Pinterest Pin vertical 2:3, imagem bonita full-bleed, sem card, sem borda, estilo foto premium realista. Tema: banheiro pequeno organizado. Cenario: banheiro organizado com suporte de parede, nichos, porta-shampoo no box e poucos objetos aparentes. Usar paleta Chique Home: off-white, bege, madeira clara, taupe suave, preto fosco, luz quente, visual premium brasileiro. Criar um cenario inspiracional de ambiente, sem texto grande. A imagem precisa parecer resultado real de busca no Pinterest, bonita e clicavel. Produto relacionado: Organizador de Maquiagem Porta Pincel em Acrilico Giratorio, aplicar apenas se fizer sentido natural."
73,Banheiro organizado,organizador box banheiro,environment_title_overlay,Organizador de Maquiagem Porta Pincel em Acrilico Giratorio,https://cdn.shopify.com/s/files/1/0864/2432/2353/files/Organizador_de_Maquiagem_Porta_Pincel_em_Acrilico_Giratorio_preto.webp?v=1751413621,public/pinterest/final/pin-0073.png,"Pinterest Pin vertical 2:3, imagem bonita full-bleed, sem card, sem borda, estilo foto premium realista. Tema: organizador box banheiro. Cenario: banheiro organizado com suporte de parede, nichos, porta-shampoo no box e poucos objetos aparentes. Usar paleta Chique Home: off-white, bege, madeira clara, taupe suave, preto fosco, luz quente, visual premium brasileiro. Criar cenario bonito com titulo centralizado, curto e clicavel em portugues: ""Organizador de Maquiagem Porta Pincel em Acrilico Giratorio: inspiracao para organizador box"". Texto elegante, alto contraste, estilo Pinterest Brasil, sem poluir. Cupom PINTEREST10 pequeno no canto inferior."
74,Banheiro com cara de hotel,banheiro decorado,product_in_environment,Organizador de Maquiagem Porta Pincel em Acrilico Giratorio,https://cdn.shopify.com/s/files/1/0864/2432/2353/files/Organizador_de_Maquiagem_Porta_Pincel_em_Acrilico_Giratorio_preto.webp?v=1751413621,public/pinterest/final/pin-0074.png,"Pinterest Pin vertical 2:3, imagem bonita full-bleed, sem card, sem borda, estilo foto premium realista. Tema: banheiro decorado. Cenario: banheiro pequeno sofisticado com metais modernos, parede clara, bancada limpa e detalhe elegante de organizacao. Usar paleta Chique Home: off-white, bege, madeira clara, taupe suave, preto fosco, luz quente, visual premium brasileiro. Aplicar visualmente o produto da Shopify em outro ambiente realista de forma natural. Produto: Organizador de Maquiagem Porta Pincel em Acrilico Giratorio. Sem texto grande, foco em inspirar clique para compra."
75,Banheiro com cara de hotel,banheiro pequeno decorado,listicle_idea_overlay,Organizador de Maquiagem Porta Pincel em Acrilico Giratorio,https://cdn.shopify.com/s/files/1/0864/2432/2353/files/Organizador_de_Maquiagem_Porta_Pincel_em_Acrilico_Giratorio_preto.webp?v=1751413621,public/pinterest/final/pin-0075.png,"Pinterest Pin vertical 2:3, imagem bonita full-bleed, sem card, sem borda, estilo foto premium realista. Tema: banheiro pequeno decorado. Cenario: banheiro pequeno sofisticado com metais modernos, parede clara, bancada limpa e detalhe elegante de organizacao. Usar paleta Chique Home: off-white, bege, madeira clara, taupe suave, preto fosco, luz quente, visual premium brasileiro. Criar imagem estilo lista/ideia viral, com texto centralizado em portugues: ""3 ideias para banheiro pequeno decorado"". Usar pequenos marcadores 1, 2, 3 em pontos do ambiente, mantendo visual elegante. Cupom PINTEREST10 discreto. Produto relacionado: Organizador de Maquiagem Porta Pincel em Acrilico Giratorio."
76,Banheiro com cara de hotel,banheiro moderno,environment_full_bleed,Organizador de Maquiagem Porta Pincel em Acrilico Giratorio,https://cdn.shopify.com/s/files/1/0864/2432/2353/files/Organizador_de_Maquiagem_Porta_Pincel_em_Acrilico_Giratorio_preto.webp?v=1751413621,public/pinterest/final/pin-0076.png,"Pinterest Pin vertical 2:3, imagem bonita full-bleed, sem card, sem borda, estilo foto premium realista. Tema: banheiro moderno. Cenario: banheiro pequeno sofisticado com metais modernos, parede clara, bancada limpa e detalhe elegante de organizacao. Usar paleta Chique Home: off-white, bege, madeira clara, taupe suave, preto fosco, luz quente, visual premium brasileiro. Criar um cenario inspiracional de ambiente, sem texto grande. A imagem precisa parecer resultado real de busca no Pinterest, bonita e clicavel. Produto relacionado: Organizador de Maquiagem Porta Pincel em Acrilico Giratorio, aplicar apenas se fizer sentido natural."
78,Banheiro com cara de hotel,lavabo decorado,environment_title_overlay,Organizador de Maquiagem Porta Pincel em Acrilico Giratorio,https://cdn.shopify.com/s/files/1/0864/2432/2353/files/Organizador_de_Maquiagem_Porta_Pincel_em_Acrilico_Giratorio_preto.webp?v=1751413621,public/pinterest/final/pin-0078.png,"Pinterest Pin vertical 2:3, imagem bonita full-bleed, sem card, sem borda, estilo foto premium realista. Tema: lavabo decorado. Cenario: banheiro pequeno sofisticado com metais modernos, parede clara, bancada limpa e detalhe elegante de organizacao. Usar paleta Chique Home: off-white, bege, madeira clara, taupe suave, preto fosco, luz quente, visual premium brasileiro. Criar cenario bonito com titulo centralizado, curto e clicavel em portugues: ""lavabo decorado: produto para comprar e usar em casa"". Texto elegante, alto contraste, estilo Pinterest Brasil, sem poluir. Cupom PINTEREST10 pequeno no canto inferior."
79,Banheiro organizado,penteadeira,product_in_environment,Organizador de Maquiagem Porta Pincel em Acrilico Giratorio,https://cdn.shopify.com/s/files/1/0864/2432/2353/files/Organizador_de_Maquiagem_Porta_Pincel_em_Acrilico_Giratorio_preto.webp?v=1751413621,public/pinterest/final/pin-0079.png,"Pinterest Pin vertical 2:3, imagem bonita full-bleed, sem card, sem borda, estilo foto premium realista. Tema: penteadeira. Cenario: banheiro organizado com suporte de parede, nichos, porta-shampoo no box e poucos objetos aparentes. Usar paleta Chique Home: off-white, bege, madeira clara, taupe suave, preto fosco, luz quente, visual premium brasileiro. Aplicar visualmente o produto da Shopify em outro ambiente realista de forma natural. Produto: Organizador de Maquiagem Porta Pincel em Acrilico Giratorio. Sem texto grande, foco em inspirar clique para compra."
80,Banheiro organizado,organizacao de banheiro,listicle_idea_overlay,Organizador de Maquiagem Porta Pincel em Acrilico Giratorio,https://cdn.shopify.com/s/files/1/0864/2432/2353/files/Organizador_de_Maquiagem_Porta_Pincel_em_Acrilico_Giratorio_preto.webp?v=1751413621,public/pinterest/final/pin-0080.png,"Pinterest Pin vertical 2:3, imagem bonita full-bleed, sem card, sem borda, estilo foto premium realista. Tema: organizacao de banheiro. Cenario: banheiro organizado com suporte de parede, nichos, porta-shampoo no box e poucos objetos aparentes. Usar paleta Chique Home: off-white, bege, madeira clara, taupe suave, preto fosco, luz quente, visual premium brasileiro. Criar imagem estilo lista/ideia viral, com texto centralizado em portugues: ""3 ideias para organizacao de banheiro"". Usar pequenos marcadores 1, 2, 3 em pontos do ambiente, mantendo visual elegante. Cupom PINTEREST10 discreto. Produto relacionado: Organizador de Maquiagem Porta Pincel em Acrilico Giratorio."
81,Banheiro organizado,banheiro pequeno organizado,environment_full_bleed,Bandeja para Banheiro/Lavabo Decorativa Redonda - Decoracao,https://cdn.shopify.com/s/files/1/0864/2432/2353/files/Bandeja_para_Banheiro_Lavabo_Decorativa_Redonda_Decoracao_verde.webp?v=1751410419,public/pinterest/final/pin-0081.png,"Pinterest Pin vertical 2:3, imagem bonita full-bleed, sem card, sem borda, estilo foto premium realista. Tema: banheiro pequeno organizado. Cenario: banheiro organizado com suporte de parede, nichos, porta-shampoo no box e poucos objetos aparentes. Usar paleta Chique Home: off-white, bege, madeira clara, taupe suave, preto fosco, luz quente, visual premium brasileiro. Criar um cenario inspiracional de ambiente, sem texto grande. A imagem precisa parecer resultado real de busca no Pinterest, bonita e clicavel. Produto relacionado: Bandeja para Banheiro/Lavabo Decorativa Redonda, aplicar apenas se fizer sentido natural."
83,Banheiro com cara de hotel,banheiro decorado,environment_title_overlay,Bandeja para Banheiro/Lavabo Decorativa Redonda - Decoracao,https://cdn.shopify.com/s/files/1/0864/2432/2353/files/Bandeja_para_Banheiro_Lavabo_Decorativa_Redonda_Decoracao_verde.webp?v=1751410419,public/pinterest/final/pin-0083.png,"Pinterest Pin vertical 2:3, imagem bonita full-bleed, sem card, sem borda, estilo foto premium realista. Tema: banheiro decorado. Cenario: banheiro pequeno sofisticado com metais modernos, parede clara, bancada limpa e detalhe elegante de organizacao. Usar paleta Chique Home: off-white, bege, madeira clara, taupe suave, preto fosco, luz quente, visual premium brasileiro. Criar cenario bonito com titulo centralizado, curto e clicavel em portugues: ""Inspire-se: banheiro decorado com toque Chique Home"". Texto elegante, alto contraste, estilo Pinterest Brasil, sem poluir. Cupom PINTEREST10 pequeno no canto inferior."
84,Banheiro com cara de hotel,banheiro pequeno decorado,product_in_environment,Bandeja para Banheiro/Lavabo Decorativa Redonda - Decoracao,https://cdn.shopify.com/s/files/1/0864/2432/2353/files/Bandeja_para_Banheiro_Lavabo_Decorativa_Redonda_Decoracao_verde.webp?v=1751410419,public/pinterest/final/pin-0084.png,"Pinterest Pin vertical 2:3, imagem bonita full-bleed, sem card, sem borda, estilo foto premium realista. Tema: banheiro pequeno decorado. Cenario: banheiro pequeno sofisticado com metais modernos, parede clara, bancada limpa e detalhe elegante de organizacao. Usar paleta Chique Home: off-white, bege, madeira clara, taupe suave, preto fosco, luz quente, visual premium brasileiro. Aplicar visualmente o produto da Shopify em outro ambiente realista de forma natural. Produto: Bandeja para Banheiro/Lavabo Decorativa Redonda. Sem texto grande, foco em inspirar clique para compra."
85,Banheiro com cara de hotel,banheiro moderno,listicle_idea_overlay,Bandeja para Banheiro/Lavabo Decorativa Redonda - Decoracao,https://cdn.shopify.com/s/files/1/0864/2432/2353/files/Bandeja_para_Banheiro_Lavabo_Decorativa_Redonda_Decoracao_verde.webp?v=1751410419,public/pinterest/final/pin-0085.png,"Pinterest Pin vertical 2:3, imagem bonita full-bleed, sem card, sem borda, estilo foto premium realista. Tema: banheiro moderno. Cenario: banheiro pequeno sofisticado com metais modernos, parede clara, bancada limpa e detalhe elegante de organizacao. Usar paleta Chique Home: off-white, bege, madeira clara, taupe suave, preto fosco, luz quente, visual premium brasileiro. Criar imagem estilo lista/ideia viral, com texto centralizado em portugues: ""3 ideias para banheiro moderno"". Usar pequenos marcadores 1, 2, 3 em pontos do ambiente, mantendo visual elegante. Cupom PINTEREST10 discreto. Produto relacionado: Bandeja para Banheiro/Lavabo Decorativa Redonda."
86,Banheiro com cara de hotel,banheiro com cara de hotel,environment_full_bleed,Bandeja para Banheiro/Lavabo Decorativa Redonda - Decoracao,https://cdn.shopify.com/s/files/1/0864/2432/2353/files/Bandeja_para_Banheiro_Lavabo_Decorativa_Redonda_Decoracao_verde.webp?v=1751410419,public/pinterest/final/pin-0086.png,"Pinterest Pin vertical 2:3, imagem bonita full-bleed, sem card, sem borda, estilo foto premium realista. Tema: banheiro com cara de hotel. Cenario: banheiro pequeno sofisticado com metais modernos, parede clara, bancada limpa e detalhe elegante de organizacao. Usar paleta Chique Home: off-white, bege, madeira clara, taupe suave, preto fosco, luz quente, visual premium brasileiro. Criar um cenario inspiracional de ambiente, sem texto grande. A imagem precisa parecer resultado real de busca no Pinterest, bonita e clicavel. Produto relacionado: Bandeja para Banheiro/Lavabo Decorativa Redonda, aplicar apenas se fizer sentido natural."
88,Banheiro organizado,penteadeira,environment_title_overlay,Bandeja para Banheiro/Lavabo Decorativa Redonda - Decoracao,https://cdn.shopify.com/s/files/1/0864/2432/2353/files/Bandeja_para_Banheiro_Lavabo_Decorativa_Redonda_Decoracao_verde.webp?v=1751410419,public/pinterest/final/pin-0088.png,"Pinterest Pin vertical 2:3, imagem bonita full-bleed, sem card, sem borda, estilo foto premium realista. Tema: penteadeira. Cenario: banheiro organizado com suporte de parede, nichos, porta-shampoo no box e poucos objetos aparentes. Usar paleta Chique Home: off-white, bege, madeira clara, taupe suave, preto fosco, luz quente, visual premium brasileiro. Criar cenario bonito com titulo centralizado, curto e clicavel em portugues: ""penteadeira: ideia elegante com Bandeja para Banheiro/Lavabo Decorativa Redonda"". Texto elegante, alto contraste, estilo Pinterest Brasil, sem poluir. Cupom PINTEREST10 pequeno no canto inferior."
89,Banheiro organizado,organizacao de banheiro,product_in_environment,Bandeja para Banheiro/Lavabo Decorativa Redonda - Decoracao,https://cdn.shopify.com/s/files/1/0864/2432/2353/files/Bandeja_para_Banheiro_Lavabo_Decorativa_Redonda_Decoracao_verde.webp?v=1751410419,public/pinterest/final/pin-0089.png,"Pinterest Pin vertical 2:3, imagem bonita full-bleed, sem card, sem borda, estilo foto premium realista. Tema: organizacao de banheiro. Cenario: banheiro organizado com suporte de parede, nichos, porta-shampoo no box e poucos objetos aparentes. Usar paleta Chique Home: off-white, bege, madeira clara, taupe suave, preto fosco, luz quente, visual premium brasileiro. Aplicar visualmente o produto da Shopify em outro ambiente realista de forma natural. Produto: Bandeja para Banheiro/Lavabo Decorativa Redonda. Sem texto grande, foco em inspirar clique para compra."
90,Banheiro organizado,organizador de maquiagem,listicle_idea_overlay,Bandeja para Banheiro/Lavabo Decorativa Redonda - Decoracao,https://cdn.shopify.com/s/files/1/0864/2432/2353/files/Bandeja_para_Banheiro_Lavabo_Decorativa_Redonda_Decoracao_verde.webp?v=1751410419,public/pinterest/final/pin-0090.png,"Pinterest Pin vertical 2:3, imagem bonita full-bleed, sem card, sem borda, estilo foto premium realista. Tema: organizador de maquiagem. Cenario: banheiro organizado com suporte de parede, nichos, porta-shampoo no box e poucos objetos aparentes. Usar paleta Chique Home: off-white, bege, madeira clara, taupe suave, preto fosco, luz quente, visual premium brasileiro. Criar imagem estilo lista/ideia viral, com texto centralizado em portugues: ""3 ideias para organizador de maquiagem"". Usar pequenos marcadores 1, 2, 3 em pontos do ambiente, mantendo visual elegante. Cupom PINTEREST10 discreto. Produto relacionado: Bandeja para Banheiro/Lavabo Decorativa Redonda."
91,Sala sofisticada,sala de estar apartamento,environment_full_bleed,Arandela de Parede Externa/Interna Luminaria LED Quadrada - Preta,https://cdn.shopify.com/s/files/1/0864/2432/2353/files/Arandela_de_Parede_Externa_Interna_Luminaria_LED_Quadrada_Preta_6.webp?v=1751328310,public/pinterest/final/pin-0091.png,"Pinterest Pin vertical 2:3, imagem bonita full-bleed, sem card, sem borda, estilo foto premium realista. Tema: sala de estar apartamento. Cenario: sala de estar sofisticada, sofa neutro, almofadas decorativas, relogio de parede e decoracao elegante. Usar paleta Chique Home: off-white, bege, madeira clara, taupe suave, preto fosco, luz quente, visual premium brasileiro. Criar um cenario inspiracional de ambiente, sem texto grande. A imagem precisa parecer resultado real de busca no Pinterest, bonita e clicavel. Produto relacionado: Arandela de Parede Externa/Interna Luminaria LED Quadrada, aplicar apenas se fizer sentido natural."
93,Mesa posta elegante,sala de jantar decorada,environment_title_overlay,Arandela de Parede Externa/Interna Luminaria LED Quadrada - Preta,https://cdn.shopify.com/s/files/1/0864/2432/2353/files/Arandela_de_Parede_Externa_Interna_Luminaria_LED_Quadrada_Preta_6.webp?v=1751328310,public/pinterest/final/pin-0093.png,"Pinterest Pin vertical 2:3, imagem bonita full-bleed, sem card, sem borda, estilo foto premium realista. Tema: sala de jantar decorada. Cenario: sala de jantar elegante com cadeiras arrumadas, mesa posta clean e detalhes de decoracao. Usar paleta Chique Home: off-white, bege, madeira clara, taupe suave, preto fosco, luz quente, visual premium brasileiro. Criar cenario bonito com titulo centralizado, curto e clicavel em portugues: ""Veja como usar Arandela de Parede Externa/Interna Luminaria LED Quadrada em sala de jantar decorada"". Texto elegante, alto contraste, estilo Pinterest Brasil, sem poluir. Cupom PINTEREST10 pequeno no canto inferior."
94,Sala sofisticada,sala sofisticada,product_in_environment,Arandela de Parede Externa/Interna Luminaria LED Quadrada - Preta,https://cdn.shopify.com/s/files/1/0864/2432/2353/files/Arandela_de_Parede_Externa_Interna_Luminaria_LED_Quadrada_Preta_6.webp?v=1751328310,public/pinterest/final/pin-0094.png,"Pinterest Pin vertical 2:3, imagem bonita full-bleed, sem card, sem borda, estilo foto premium realista. Tema: sala sofisticada. Cenario: sala de estar sofisticada, sofa neutro, almofadas decorativas, relogio de parede e decoracao elegante. Usar paleta Chique Home: off-white, bege, madeira clara, taupe suave, preto fosco, luz quente, visual premium brasileiro. Aplicar visualmente o produto da Shopify em outro ambiente realista de forma natural. Produto: Arandela de Parede Externa/Interna Luminaria LED Quadrada. Sem texto grande, foco em inspirar clique para compra."
95,Sala sofisticada,decoracao de sala,listicle_idea_overlay,Arandela de Parede Externa/Interna Luminaria LED Quadrada - Preta,https://cdn.shopify.com/s/files/1/0864/2432/2353/files/Arandela_de_Parede_Externa_Interna_Luminaria_LED_Quadrada_Preta_6.webp?v=1751328310,public/pinterest/final/pin-0095.png,"Pinterest Pin vertical 2:3, imagem bonita full-bleed, sem card, sem borda, estilo foto premium realista. Tema: decoracao de sala. Cenario: sala de estar sofisticada, sofa neutro, almofadas decorativas, relogio de parede e decoracao elegante. Usar paleta Chique Home: off-white, bege, madeira clara, taupe suave, preto fosco, luz quente, visual premium brasileiro. Criar imagem estilo lista/ideia viral, com texto centralizado em portugues: ""3 ideias para decoracao de sala"". Usar pequenos marcadores 1, 2, 3 em pontos do ambiente, mantendo visual elegante. Cupom PINTEREST10 discreto. Produto relacionado: Arandela de Parede Externa/Interna Luminaria LED Quadrada."
96,Sala sofisticada,sala pequena decorada,environment_full_bleed,Arandela de Parede Externa/Interna Luminaria LED Quadrada - Preta,https://cdn.shopify.com/s/files/1/0864/2432/2353/files/Arandela_de_Parede_Externa_Interna_Luminaria_LED_Quadrada_Preta_6.webp?v=1751328310,public/pinterest/final/pin-0096.png,"Pinterest Pin vertical 2:3, imagem bonita full-bleed, sem card, sem borda, estilo foto premium realista. Tema: sala pequena decorada. Cenario: sala de estar sofisticada, sofa neutro, almofadas decorativas, relogio de parede e decoracao elegante. Usar paleta Chique Home: off-white, bege, madeira clara, taupe suave, preto fosco, luz quente, visual premium brasileiro. Criar um cenario inspiracional de ambiente, sem texto grande. A imagem precisa parecer resultado real de busca no Pinterest, bonita e clicavel. Produto relacionado: Arandela de Parede Externa/Interna Luminaria LED Quadrada, aplicar apenas se fizer sentido natural."
98,Sala sofisticada,sala sofisticada,environment_title_overlay,Arandela de Parede Externa/Interna Luminaria LED Quadrada - Preta,https://cdn.shopify.com/s/files/1/0864/2432/2353/files/Arandela_de_Parede_Externa_Interna_Luminaria_LED_Quadrada_Preta_6.webp?v=1751328310,public/pinterest/final/pin-0098.png,"Pinterest Pin vertical 2:3, imagem bonita full-bleed, sem card, sem borda, estilo foto premium realista. Tema: sala sofisticada. Cenario: sala de estar sofisticada, sofa neutro, almofadas decorativas, relogio de parede e decoracao elegante. Usar paleta Chique Home: off-white, bege, madeira clara, taupe suave, preto fosco, luz quente, visual premium brasileiro. Criar cenario bonito com titulo centralizado, curto e clicavel em portugues: ""sala sofisticada para deixar o ambiente mais sofisticado"". Texto elegante, alto contraste, estilo Pinterest Brasil, sem poluir. Cupom PINTEREST10 pequeno no canto inferior."
99,Sala sofisticada,sala elegante,product_in_environment,Arandela de Parede Externa/Interna Luminaria LED Quadrada - Preta,https://cdn.shopify.com/s/files/1/0864/2432/2353/files/Arandela_de_Parede_Externa_Interna_Luminaria_LED_Quadrada_Preta_6.webp?v=1751328310,public/pinterest/final/pin-0099.png,"Pinterest Pin vertical 2:3, imagem bonita full-bleed, sem card, sem borda, estilo foto premium realista. Tema: sala elegante. Cenario: sala de estar sofisticada, sofa neutro, almofadas decorativas, relogio de parede e decoracao elegante. Usar paleta Chique Home: off-white, bege, madeira clara, taupe suave, preto fosco, luz quente, visual premium brasileiro. Aplicar visualmente o produto da Shopify em outro ambiente realista de forma natural. Produto: Arandela de Parede Externa/Interna Luminaria LED Quadrada. Sem texto grande, foco em inspirar clique para compra."
100,Decoracao de parede,decoracao de parede,listicle_idea_overlay,Arandela de Parede Externa/Interna Luminaria LED Quadrada - Preta,https://cdn.shopify.com/s/files/1/0864/2432/2353/files/Arandela_de_Parede_Externa_Interna_Luminaria_LED_Quadrada_Preta_6.webp?v=1751328310,public/pinterest/final/pin-0100.png,"Pinterest Pin vertical 2:3, imagem bonita full-bleed, sem card, sem borda, estilo foto premium realista. Tema: decoracao de parede. Cenario: parede decorada com composicao minimalista, relogio decorativo, prateleira ou textura discreta. Usar paleta Chique Home: off-white, bege, madeira clara, taupe suave, preto fosco, luz quente, visual premium brasileiro. Criar imagem estilo lista/ideia viral, com texto centralizado em portugues: ""3 ideias para decoracao de parede"". Usar pequenos marcadores 1, 2, 3 em pontos do ambiente, mantendo visual elegante. Cupom PINTEREST10 discreto. Produto relacionado: Arandela de Parede Externa/Interna Luminaria LED Quadrada."
101,Cozinha elegante,projeto de cozinha,environment_full_bleed,Lustre Pendente para Sala/Quarto/Cozinha Moderno LED Espiral - Dourado,https://cdn.shopify.com/s/files/1/0864/2432/2353/files/Lustre_Pendente_para_Sala_Quarto_Cozinha_Moderno_LED_Dourado.webp?v=1748190597,public/pinterest/final/pin-0101.png,"Pinterest Pin vertical 2:3, imagem bonita full-bleed, sem card, sem borda, estilo foto premium realista. Tema: projeto de cozinha. Cenario: cozinha pequena organizada, clean, clara, armarios planejados, bancada livre, potes organizadores, bandeja decorativa, tapete de cozinha discreto. Usar paleta Chique Home: off-white, bege, madeira clara, taupe suave, preto fosco, luz quente, visual premium brasileiro. Criar um cenario inspiracional de ambiente, sem texto grande. A imagem precisa parecer resultado real de busca no Pinterest, bonita e clicavel. Produto relacionado: Lustre Pendente Moderno LED Espiral, aplicar apenas se fizer sentido natural."
103,Sala sofisticada,decoração sala,environment_title_overlay,Lustre Pendente para Sala/Quarto/Cozinha Moderno LED Espiral - Dourado,https://cdn.shopify.com/s/files/1/0864/2432/2353/files/Lustre_Pendente_para_Sala_Quarto_Cozinha_Moderno_LED_Dourado.webp?v=1748190597,public/pinterest/final/pin-0103.png,"Pinterest Pin vertical 2:3, imagem bonita full-bleed, sem card, sem borda, estilo foto premium realista. Tema: decoração sala. Cenario: sala de estar sofisticada, sofa neutro, almofadas decorativas, relogio de parede e decoracao elegante. Usar paleta Chique Home: off-white, bege, madeira clara, taupe suave, preto fosco, luz quente, visual premium brasileiro. Criar cenario bonito com titulo centralizado, curto e clicavel em portugues: ""Ideia pronta de decoração sala com link do produto"". Texto elegante, alto contraste, estilo Pinterest Brasil, sem poluir. Cupom PINTEREST10 pequeno no canto inferior."
104,Cozinha elegante,decoração cozinha,product_in_environment,Lustre Pendente para Sala/Quarto/Cozinha Moderno LED Espiral - Dourado,https://cdn.shopify.com/s/files/1/0864/2432/2353/files/Lustre_Pendente_para_Sala_Quarto_Cozinha_Moderno_LED_Dourado.webp?v=1748190597,public/pinterest/final/pin-0104.png,"Pinterest Pin vertical 2:3, imagem bonita full-bleed, sem card, sem borda, estilo foto premium realista. Tema: decoração cozinha. Cenario: cozinha pequena organizada, clean, clara, armarios planejados, bancada livre, potes organizadores, bandeja decorativa, tapete de cozinha discreto. Usar paleta Chique Home: off-white, bege, madeira clara, taupe suave, preto fosco, luz quente, visual premium brasileiro. Aplicar visualmente o produto da Shopify em outro ambiente realista de forma natural. Produto: Lustre Pendente Moderno LED Espiral. Sem texto grande, foco em inspirar clique para compra."
105,Cozinha elegante,cozinha organizada,listicle_idea_overlay,Lustre Pendente para Sala/Quarto/Cozinha Moderno LED Espiral - Dourado,https://cdn.shopify.com/s/files/1/0864/2432/2353/files/Lustre_Pendente_para_Sala_Quarto_Cozinha_Moderno_LED_Dourado.webp?v=1748190597,public/pinterest/final/pin-0105.png,"Pinterest Pin vertical 2:3, imagem bonita full-bleed, sem card, sem borda, estilo foto premium realista. Tema: cozinha organizada. Cenario: cozinha pequena organizada, clean, clara, armarios planejados, bancada livre, potes organizadores, bandeja decorativa, tapete de cozinha discreto. Usar paleta Chique Home: off-white, bege, madeira clara, taupe suave, preto fosco, luz quente, visual premium brasileiro. Criar imagem estilo lista/ideia viral, com texto centralizado em portugues: ""3 ideias para cozinha organizada"". Usar pequenos marcadores 1, 2, 3 em pontos do ambiente, mantendo visual elegante. Cupom PINTEREST10 discreto. Produto relacionado: Lustre Pendente Moderno LED Espiral."
106,Cozinha elegante,cozinha pequena organizada,environment_full_bleed,Lustre Pendente para Sala/Quarto/Cozinha Moderno LED Espiral - Dourado,https://cdn.shopify.com/s/files/1/0864/2432/2353/files/Lustre_Pendente_para_Sala_Quarto_Cozinha_Moderno_LED_Dourado.webp?v=1748190597,public/pinterest/final/pin-0106.png,"Pinterest Pin vertical 2:3, imagem bonita full-bleed, sem card, sem borda, estilo foto premium realista. Tema: cozinha pequena organizada. Cenario: cozinha pequena organizada, clean, clara, armarios planejados, bancada livre, potes organizadores, bandeja decorativa, tapete de cozinha discreto. Usar paleta Chique Home: off-white, bege, madeira clara, taupe suave, preto fosco, luz quente, visual premium brasileiro. Criar um cenario inspiracional de ambiente, sem texto grande. A imagem precisa parecer resultado real de busca no Pinterest, bonita e clicavel. Produto relacionado: Lustre Pendente Moderno LED Espiral, aplicar apenas se fizer sentido natural."
108,Mesa posta elegante,sala de jantar decorada,environment_title_overlay,Lustre Pendente para Sala/Quarto/Cozinha Moderno LED Espiral - Dourado,https://cdn.shopify.com/s/files/1/0864/2432/2353/files/Lustre_Pendente_para_Sala_Quarto_Cozinha_Moderno_LED_Dourado.webp?v=1748190597,public/pinterest/final/pin-0108.png,"Pinterest Pin vertical 2:3, imagem bonita full-bleed, sem card, sem borda, estilo foto premium realista. Tema: sala de jantar decorada. Cenario: sala de jantar elegante com cadeiras arrumadas, mesa posta clean e detalhes de decoracao. Usar paleta Chique Home: off-white, bege, madeira clara, taupe suave, preto fosco, luz quente, visual premium brasileiro. Criar cenario bonito com titulo centralizado, curto e clicavel em portugues: ""Lustre Pendente Moderno LED Espiral para transformar o ambiente"". Texto elegante, alto contraste, estilo Pinterest Brasil, sem poluir. Cupom PINTEREST10 pequeno no canto inferior."
109,Sala sofisticada,sala sofisticada,product_in_environment,Lustre Pendente para Sala/Quarto/Cozinha Moderno LED Espiral - Dourado,https://cdn.shopify.com/s/files/1/0864/2432/2353/files/Lustre_Pendente_para_Sala_Quarto_Cozinha_Moderno_LED_Dourado.webp?v=1748190597,public/pinterest/final/pin-0109.png,"Pinterest Pin vertical 2:3, imagem bonita full-bleed, sem card, sem borda, estilo foto premium realista. Tema: sala sofisticada. Cenario: sala de estar sofisticada, sofa neutro, almofadas decorativas, relogio de parede e decoracao elegante. Usar paleta Chique Home: off-white, bege, madeira clara, taupe suave, preto fosco, luz quente, visual premium brasileiro. Aplicar visualmente o produto da Shopify em outro ambiente realista de forma natural. Produto: Lustre Pendente Moderno LED Espiral. Sem texto grande, foco em inspirar clique para compra."
110,Sala sofisticada,decoracao de sala,listicle_idea_overlay,Lustre Pendente para Sala/Quarto/Cozinha Moderno LED Espiral - Dourado,https://cdn.shopify.com/s/files/1/0864/2432/2353/files/Lustre_Pendente_para_Sala_Quarto_Cozinha_Moderno_LED_Dourado.webp?v=1748190597,public/pinterest/final/pin-0110.png,"Pinterest Pin vertical 2:3, imagem bonita full-bleed, sem card, sem borda, estilo foto premium realista. Tema: decoracao de sala. Cenario: sala de estar sofisticada, sofa neutro, almofadas decorativas, relogio de parede e decoracao elegante. Usar paleta Chique Home: off-white, bege, madeira clara, taupe suave, preto fosco, luz quente, visual premium brasileiro. Criar imagem estilo lista/ideia viral, com texto centralizado em portugues: ""3 ideias para decoracao de sala"". Usar pequenos marcadores 1, 2, 3 em pontos do ambiente, mantendo visual elegante. Cupom PINTEREST10 discreto. Produto relacionado: Lustre Pendente Moderno LED Espiral."
111,Cozinha elegante,projeto de cozinha,environment_full_bleed,Luminaria de Teto para Sala/Quarto/Cozinha em LED Espiral - Branca,https://cdn.shopify.com/s/files/1/0864/2432/2353/files/Luminaria_de_Teto_para_Sala_Quarto_Cozinha_em_LED_branco_2.webp?v=1744760801,public/pinterest/final/pin-0111.png,"Pinterest Pin vertical 2:3, imagem bonita full-bleed, sem card, sem borda, estilo foto premium realista. Tema: projeto de cozinha. Cenario: cozinha pequena organizada, clean, clara, armarios planejados, bancada livre, potes organizadores, bandeja decorativa, tapete de cozinha discreto. Usar paleta Chique Home: off-white, bege, madeira clara, taupe suave, preto fosco, luz quente, visual premium brasileiro. Criar um cenario inspiracional de ambiente, sem texto grande. A imagem precisa parecer resultado real de busca no Pinterest, bonita e clicavel. Produto relacionado: Luminaria de Teto em LED Espiral, aplicar apenas se fizer sentido natural."
113,Sala sofisticada,decoração sala,environment_title_overlay,Luminaria de Teto para Sala/Quarto/Cozinha em LED Espiral - Branca,https://cdn.shopify.com/s/files/1/0864/2432/2353/files/Luminaria_de_Teto_para_Sala_Quarto_Cozinha_em_LED_branco_2.webp?v=1744760801,public/pinterest/final/pin-0113.png,"Pinterest Pin vertical 2:3, imagem bonita full-bleed, sem card, sem borda, estilo foto premium realista. Tema: decoração sala. Cenario: sala de estar sofisticada, sofa neutro, almofadas decorativas, relogio de parede e decoracao elegante. Usar paleta Chique Home: off-white, bege, madeira clara, taupe suave, preto fosco, luz quente, visual premium brasileiro. Criar cenario bonito com titulo centralizado, curto e clicavel em portugues: ""Luminaria de Teto em LED Espiral: inspiracao para decoração sala"". Texto elegante, alto contraste, estilo Pinterest Brasil, sem poluir. Cupom PINTEREST10 pequeno no canto inferior."
114,Cozinha elegante,decoração cozinha,product_in_environment,Luminaria de Teto para Sala/Quarto/Cozinha em LED Espiral - Branca,https://cdn.shopify.com/s/files/1/0864/2432/2353/files/Luminaria_de_Teto_para_Sala_Quarto_Cozinha_em_LED_branco_2.webp?v=1744760801,public/pinterest/final/pin-0114.png,"Pinterest Pin vertical 2:3, imagem bonita full-bleed, sem card, sem borda, estilo foto premium realista. Tema: decoração cozinha. Cenario: cozinha pequena organizada, clean, clara, armarios planejados, bancada livre, potes organizadores, bandeja decorativa, tapete de cozinha discreto. Usar paleta Chique Home: off-white, bege, madeira clara, taupe suave, preto fosco, luz quente, visual premium brasileiro. Aplicar visualmente o produto da Shopify em outro ambiente realista de forma natural. Produto: Luminaria de Teto em LED Espiral. Sem texto grande, foco em inspirar clique para compra."
115,Cozinha elegante,cozinha organizada,listicle_idea_overlay,Luminaria de Teto para Sala/Quarto/Cozinha em LED Espiral - Branca,https://cdn.shopify.com/s/files/1/0864/2432/2353/files/Luminaria_de_Teto_para_Sala_Quarto_Cozinha_em_LED_branco_2.webp?v=1744760801,public/pinterest/final/pin-0115.png,"Pinterest Pin vertical 2:3, imagem bonita full-bleed, sem card, sem borda, estilo foto premium realista. Tema: cozinha organizada. Cenario: cozinha pequena organizada, clean, clara, armarios planejados, bancada livre, potes organizadores, bandeja decorativa, tapete de cozinha discreto. Usar paleta Chique Home: off-white, bege, madeira clara, taupe suave, preto fosco, luz quente, visual premium brasileiro. Criar imagem estilo lista/ideia viral, com texto centralizado em portugues: ""3 ideias para cozinha organizada"". Usar pequenos marcadores 1, 2, 3 em pontos do ambiente, mantendo visual elegante. Cupom PINTEREST10 discreto. Produto relacionado: Luminaria de Teto em LED Espiral."
116,Cozinha elegante,cozinha pequena organizada,environment_full_bleed,Luminaria de Teto para Sala/Quarto/Cozinha em LED Espiral - Branca,https://cdn.shopify.com/s/files/1/0864/2432/2353/files/Luminaria_de_Teto_para_Sala_Quarto_Cozinha_em_LED_branco_2.webp?v=1744760801,public/pinterest/final/pin-0116.png,"Pinterest Pin vertical 2:3, imagem bonita full-bleed, sem card, sem borda, estilo foto premium realista. Tema: cozinha pequena organizada. Cenario: cozinha pequena organizada, clean, clara, armarios planejados, bancada livre, potes organizadores, bandeja decorativa, tapete de cozinha discreto. Usar paleta Chique Home: off-white, bege, madeira clara, taupe suave, preto fosco, luz quente, visual premium brasileiro. Criar um cenario inspiracional de ambiente, sem texto grande. A imagem precisa parecer resultado real de busca no Pinterest, bonita e clicavel. Produto relacionado: Luminaria de Teto em LED Espiral, aplicar apenas se fizer sentido natural."
118,Mesa posta elegante,sala de jantar decorada,environment_title_overlay,Luminaria de Teto para Sala/Quarto/Cozinha em LED Espiral - Branca,https://cdn.shopify.com/s/files/1/0864/2432/2353/files/Luminaria_de_Teto_para_Sala_Quarto_Cozinha_em_LED_branco_2.webp?v=1744760801,public/pinterest/final/pin-0118.png,"Pinterest Pin vertical 2:3, imagem bonita full-bleed, sem card, sem borda, estilo foto premium realista. Tema: sala de jantar decorada. Cenario: sala de jantar elegante com cadeiras arrumadas, mesa posta clean e detalhes de decoracao. Usar paleta Chique Home: off-white, bege, madeira clara, taupe suave, preto fosco, luz quente, visual premium brasileiro. Criar cenario bonito com titulo centralizado, curto e clicavel em portugues: ""sala de jantar decorada: produto para comprar e usar em casa"". Texto elegante, alto contraste, estilo Pinterest Brasil, sem poluir. Cupom PINTEREST10 pequeno no canto inferior."
119,Sala sofisticada,sala sofisticada,product_in_environment,Luminaria de Teto para Sala/Quarto/Cozinha em LED Espiral - Branca,https://cdn.shopify.com/s/files/1/0864/2432/2353/files/Luminaria_de_Teto_para_Sala_Quarto_Cozinha_em_LED_branco_2.webp?v=1744760801,public/pinterest/final/pin-0119.png,"Pinterest Pin vertical 2:3, imagem bonita full-bleed, sem card, sem borda, estilo foto premium realista. Tema: sala sofisticada. Cenario: sala de estar sofisticada, sofa neutro, almofadas decorativas, relogio de parede e decoracao elegante. Usar paleta Chique Home: off-white, bege, madeira clara, taupe suave, preto fosco, luz quente, visual premium brasileiro. Aplicar visualmente o produto da Shopify em outro ambiente realista de forma natural. Produto: Luminaria de Teto em LED Espiral. Sem texto grande, foco em inspirar clique para compra."
120,Sala sofisticada,decoracao de sala,listicle_idea_overlay,Luminaria de Teto para Sala/Quarto/Cozinha em LED Espiral - Branca,https://cdn.shopify.com/s/files/1/0864/2432/2353/files/Luminaria_de_Teto_para_Sala_Quarto_Cozinha_em_LED_branco_2.webp?v=1744760801,public/pinterest/final/pin-0120.png,"Pinterest Pin vertical 2:3, imagem bonita full-bleed, sem card, sem borda, estilo foto premium realista. Tema: decoracao de sala. Cenario: sala de estar sofisticada, sofa neutro, almofadas decorativas, relogio de parede e decoracao elegante. Usar paleta Chique Home: off-white, bege, madeira clara, taupe suave, preto fosco, luz quente, visual premium brasileiro. Criar imagem estilo lista/ideia viral, com texto centralizado em portugues: ""3 ideias para decoracao de sala"". Usar pequenos marcadores 1, 2, 3 em pontos do ambiente, mantendo visual elegante. Cupom PINTEREST10 discreto. Produto relacionado: Luminaria de Teto em LED Espiral."